"Tweets","Sentimen"
"cepet banget sampeknya kirim denpasar rumahku beda pulau pengemasan rapi aman banget semoga cocok","Positif"
"beli dikirim size gram beli berdua males ngurus komplenya semoga besok detail liat pesanan","Negatif"
"cair","Positif"
"wangi terjangkau","Positif"
"semoga cocok lumayan nunggu konfirmasi studio tropiknya sampe pembayaran dikonformasi untungnya layanan jasa kirim sicepat","Negatif"
"dapet warna kemasan nggak merah gambar kecewa","Negatif"
"paket diterima pengiriman lumayan cepet harga sesuai barang thankyou seller","Positif"
"recomended banget langganan inez bahan ringan meresap enakeun poko warna blush bagus bagus","Positif"
"gasempet divideo intinya pecah","Positif"
"cairr banget teksturnyaa dipake bleberan teruss pikmentid warnanya susahh makenya aplikaternya udah enak makasihjuga bonusnya","Negatif"
"bahannya adem nyaman banget","Positif"
"jahitan rapi","Negatif"
"teksturnya bener rich rich kalo sampe jadiin body cream saking muka keringetan kalo pake banget kalo dipake","Negatif"
"bagus palette rapi elegan imut","Positif"
"cabut samsek","Tral"
"pelayanan toko fast respon puas kecewa kurir sicepat cargo melempem minggu sampe pake tokopedia plus","Positif"
"bagus bahan ringan wajah seger","Positif"
"produk terima packing aman pengiriman moga cocok blom coba","Positif"
"nyoba pake scrub cocok banget mudah cocok","Positif"
"susah banget cari shade cocok bibirku bagus bnget bibirku gelap tebal kasih kesan elegan bibir keliatan jontor menor","Positif"
"pengemsan buble wrap tebel kardus gede penyok kualitas gausah raguin sihh","Negatif"
"kemasan rapi gimana eyeshadownya pecah","Positif"
"lamaa nyampenya","Negatif"
"barang thanks","Positif"
"panas dipake","Negatif"
"bocor dikasih bubble wrap","Negatif"
"kotaknya berbedu","Tral"
"serumnya tertutup rapat isinya tumpah botol sisa sedikitt doang sayang bangett","Negatif"
"alhamdulillah sesuai kaku banget susah ditarik","Positif"
"pengirimannya cepat barangnya cacat gentle cleanser aman cocok wajah kulit terhidrasi sehat lembut kusam","Positif"
"down unboxing ngidupin garis layar hilang semoga","Negatif"
"tang mentang promo kirim shade salah pengemasan chat keputihan untung diakalin pake foundi contour","Positif"
"best banget pakai cleanser gelnya lembut muka perih","Positif"
"lumayan menguning","Positif"
"balm tangan membentuk hati warna kulit cerah","Positif"
"sampenya banget pesen jumat siang sampenya selasa sore produk diragukan","Positif"
"paket kemasan penyok solasinya keluatan habis dibuka bubble wrapnya udah kebuka pengemasan buruk","Negatif"
"kecewa salah shide respon chat","Negatif"
"ampun penyok","Negatif"
"pecah nunggu kecewa banget","Negatif"
"sabunnya bagus bikin kulit muka kering ketarik pakai cocok harga ekonomis produk berkualitas","Negatif"
"wanginya anais anais","Positif"
"awet warna bagus susah blend menggumpal bikin bibir kering susah ombre lips terima kasih semoga masukannua diterima","Positif"
"barang sesuai deskripsi harga bersaing pengiriman cepat seller responsif","Positif"
"cocok jenis kulit performa tekstur krim pengiriman semoga cocok","Negatif"
"nyoba semoga cocok komplain pengiriman pengirimannya semoga diperbaiki responnya cepat komplain pengir","Negatif"
"harga murah beli barang bungkus rapih pengiriman standar thank","Positif"
"maaf kasih bintang sesuai info bonus dapatkan order malam hadiah kardus bedak donk sesuai info cantumkan terimakasih","Negatif"
"pengiriman banget","Tral"
"produk kondisi ditrrima packing bagus produk coba muka dibersihkan perih wajah jenis kulit normal kering","Positif"
"udah pengen beli mousse rose discount lgsg beli varian sukaakk","Negatif"
"gambarnya warna merah merah keitem","Positif"
"pengiriman terlambat minggu seller responsif berinisiatif update pengiriman chat informa","Positif"
"foto produknya menjebak wkwk baca deskripsi memperhatikan foto produk kemarin terburu skip kaget paket","Positif"
"lihat joroknya anteraja sekotor paket kurirnya nyemplung sawah paket anteraja april selesai urus","Negatif"
"menurutku bikin warna pinknya kaya stain liptint permanen bikin ceraahh wort semelembab cumaa menurutku bagus bagus ajah","Positif"
"nyoba semoga cocok","Tral"
"lipnya lengket dioles tipis jatuhnya tebel dibibir baunya enak","Negatif"
"seller fast response packaging aman lucu banget recommended","Positif"
"dikirim amanah banget toko smga dibls allah","Negatif"
"suka warna chico brownnya natural tekstur keras dicoba swatch punggung tangan awet seharian kena dipake mata beneran","Positif"
"maaf testi barangnya sampe kmrin puas bnget ringan lipmatte","Negatif"
"white cast susah meresap","Positif"
"barang diterima paketnya dibungkus double respon cepat","Positif"
"terima kasih warnanya suka warna defaultnya hitam","Positif"
"warna sesuai ketahanan tekstur check produk tetiba produk dikirim medan like what cancel produk harga produk dikirim medan ongkirnya confirmation seller doesnt help anything please watch kalo pesen pdhl mall","Negatif"
"sabun andalan keluarga bikin kulit kering aman kulit sensitive","Positif"
"patah dipakai","Positif"
"coba smoga cocok langganan nnti bintang","Positif"
"pengiriman melebihi batas pengiriman","Tral"
"what produk paket pengembalian dana ditolak kecewa shopee berdiri belanja skrg berfikir pindah hati penjual amanah","Negatif"
"kali kasih bintang belanja kecewa barang kosong pemberitahuan admin toko sekelas official store berkali kali solusi karna bayar pakai sistem detik barang dikirim kirim","Negatif"
"pakai lihat takut cocok","Negatif"
"jujur drying banget warnanya cantik super keringg","Positif"
"mascara waterproof luntur","Positif"
"minus kacamata photocromic kaca mata gelap recommended seller","Positif"
"terimakasih orderan sesuai bonus","Positif"
"barang berfungsi","Positif"
"dikasi custard kirim creampuff","Positif"
"lumayan kacamatanya keren","Positif"
"tekstur lembut ringan bibir cocok bibir cium husbu performa cantik bangett cantik bangett sumpah enak banget dipakenya bibir bibir gelap cerah ëƒìµ rekomended banget warna perpaduan ombre bagus banget warna kulit sawo matang pake lgsg cantik bibirku","Positif"
"pengiriman ekpedisinya cepat barang dikemas aman rapih barang asli sesuai gambar terimakasih seller","Negatif"
"expnya sisa","Negatif"
"barang sesuai deskripsi paking rapi","Positif"
"gatau pemakaian rutin muncul jerawat bnyk","Negatif"
"shade mlbb terfavorit tahan dipake makan langsung bubar okay retouch","Negatif"
"sedih dapet kardus gakaruan gitu produknya aman","Negatif"
"produk sesuai pengiriman cepat aman","Positif"
"barang pengiriman barang datangnya","Tral"
"mahal harganya","Positif"
"rambut keset pakai conditioner","Positif"
"acara patah","Positif"
"baguss warna blushnya cangtip bgtt","Positif"
"performa lumayan cocok lumayan tekstur bagus lumayan bagus cuman salah shade","Negatif"
"prosesnya cepet nyampe cepet wanginya cepet ilang untung diskon","Positif"
"barang kotor","Negatif"
"ringan warna okee tahan thnk","Positif"
"banget nyampenya udah","Negatif"
"tolong packaging diperbaiki masker penyok terbuka semoga kedepan kuat masker terlindungi","Negatif"
"tekstur warna pigmentasi pesan produk esqa produk laneige trus konfirmasi diretur barang dikirim proses pengembalian admin membalas chat","Negatif"
"pake udah rusak","Positif"
"cocok kuku tekstur kental performa good salah kirim blue silver cocok apply","Positif"
"barang bermasalah sesuai deskripsi kurirnya ekspedinya estimasi","Negatif"
"kirain isinya trnyata itupun lipgloss bening","Negatif"
"barang diterima kondisi terima kasih","Tral"
"pembelian puas pembelian pengiriman tegal isinya penuh","Positif"
"membeli himalaya face wash kecewa banget orderan kali langganan gapernah dapet","Positif"
"bibir kering","Positif"
"nyoba semoga cocok","Negatif"
"barang tujuan sesuai pesanan terimakasih","Positif"
"kaleng susu penyok susunya amanâ","Negatif"
"barang sesuai pesanan pengiriman cepatt seller ramah thank","Positif"
"teksturnya ringan nggak lengket note pemakaian wajahku menimbulkan komedo know sure product","Positif"
"buah kelapa buah kedongdong aman selamat mantap","Tral"
"pengiriman bonus permen terimakasih kali cobain semoga cocok","Negatif"
"baguss bangett","Positif"
"kemasan tips pengguna expdisi antera jelek banget pengalaman penggunaan expedisi antera jelek bangt produk expdisi bikin rada kesal mnggu","Negatif"
"produk murahan cepat rusak","Positif"
"ukuran chart sesuai aslinya kebesaran","Positif"
"sorry cocok produk","Positif"
"berasnya bagus kerikil beras bubuk patah","Positif"
"cocok dimuka adem banget","Tral"
"tenan maszeh","Tral"
"pinky glittery","Positif"
"kulit wajah cocok bruntusan kemerahan pakai rangkaian trueve lihat cocok coba disaya cocok","Negatif"
"semudah dibayangkan pakai glove usaha extra gosoknya daki","Negatif"
"pengiriman lambat minggu packing buruk complain tujukan jasa pengiriman sedialan layanan complain jasa pengiriman tolo","Positif"
"pesan bedak cushion komplen susoh bales","Positif"
"cocok dimuka pilihan shade kali reorder","Negatif"
"lengket diakali hasilnya pakai lipbalm lipgloss lipcream glossy lengkep blend","Positif"
"berpengaruh apapa","Tral"
"kirim cepat produk rembes dalem bubble wrap kedepan harap diperbaiki","Positif"
"produk sesuai deskripsi sayang pengiriman admin respon tanyai pengiriman barang","Negatif"
"barang terima alasan penjual barang hilang penjual mengecek langsung kurir kurir melengkapi","Negatif"
"minggu pake lumayan ketarik tonernya enak","Negatif"
"bocor tube barangnya murah customer pesan dijaga kepercayaan citra brand packing respect product","Positif"
"manfaat kuku tips pengguna oles efek warna baguss","Positif"
"pesannya buku juki spongebob buku titipo banget beda barangnya","Positif"
"kemasan bagus banget tahan pecah mengkilap mewah warna cerah ringan","Positif"
"pengalaman penggunaan lembut bagus tahan profil kecantikan bagus muka berminyak","Positif"
"penjual ribet","Tral"
"proses pengemasan banget order nyampe pengiriman sellernya produknya sesuai claimnya make over","Negatif"
"pengguna kualitas udah pake coba bener kualitas suara sesuai harga","Negatif"
"pengiriman pengiriman toko","Positif"
"kewcil","Tral"
"udah pakai aloe vera dinginin kulit karna sunburn coba jadiin pelembab muka nggak lengket cepat meresap","Positif"
"dipake lengket kaya permen karet","Negatif"
"batalkan kirim aneh","Negatif"
"cocok cream safi beli official store packing aman pengiriman cepat","Negatif"
"scoop nyaa hahaa semoga membantu proses aammiinn","Positif"
"packing aman pengiriman lumayan harga terjangkau warnanya cakep","Positif"
"telat pengiriman estimasi tanggal paket konfirmasi nulis gatau paket","Negatif"
"bungkusnya robek semoga kedepannya dicek teliti dikirim","Negatif"
"beli boost bayi efektif enggk beli nambah kuantitas kualifitas","Positif"
"material bagus original talinya","Positif"
"warna keputihan kualitas","Positif"
"udah cocok pakai produk whitelab coba bakuciol smoga cocok makasih tokped seller","Positif"
"kemasannya mantap packaging aman warna kulit cerah","Positif"
"puass banget lihat review pikir dicoba berharap sebagus guyur badan shower hangat gosok","Positif"
"pengirimanny produkny suka","Positif"
"respon seller lumayan barang kunjung dibutuhkan ekspedisi lambat","Tral"
"bibir cocok stain bibirku kering pakai lembab ringan pemakaian bibirku","Positif"
"beneran lemak ndak kebawa sabun dibasmi beli harga versahabat packing aman mincuu laaff","Positif"
"beli toko","Positif"
"bingung make basahi angkat komedo","Positif"
"terlambat datangnya","Tral"
"expired bentar sebelom kirim dicek","Negatif"
"salah kirim beli item powder dikirimnya model beda kemasan","Negatif"
"barang belom dipake nggak nyala service seminggu nggak kabar tunggu barang selesai diservice update review","Negatif"
"serum terima terbuka tutupnya udah tumpah tinggal kali tolong periksa penjual ketepatan tutupnya klau","Negatif"
"nyoba semoga cocok","Tral"
"kering saay","Tral"
"bagus barang pelayanan jelek bbgt tiada tanding psen kirim okela bkin jadwal perkiraan kirim pesen mnta ubah alamat gbsa ajuin batalin diacc digubris etikat ngomongin pembeli toko situ kirim service ever beli","Negatif"
"semoga rambut sehat","Tral"
"kecewa kirim barang paket pembelian komplain ketemu winwin solution hasil membatalkan komplain","Negatif"
"barang cepat produk dipake reaksi seller bgtt dicancel karna salah alamat dibatalinn proses","Negatif"
"pesan dikirim toko nyampe mohon ditingkatkan service deliverynya kalo kualitas bagus","Negatif"
"kardus bubble wrap keamanan barang pesanan keterang barang dijual terpisah bubble wrap plaskik kardusnya kemana","Negatif"
"barang sesuai warna bagus","Positif"
"packaging aman plastikk doang dann produknya kotorr luarnya","Negatif"
"tutupnya dibuka nyoba bernagai direndam panas handuk diminyakin keras","Negatif"
"kecewa mesannya kuku datangnya sumplemen makan mengecewakan","Negatif"
"hasil sesuai diinfo","Negatif"
"sesuai pesanan packing rapi aman cepat","Positif"
"mantap pesanan diterima overall puas next time order","Negatif"
"tekstur coba kandungan coba efektivitas coba produk kirim botolnya tutupnya pecah dalamnya ttup kertasnya kebuka alhasil kandungan airnya tumpah kalo salah kurir dalemnya tutup kertas tempelnya kebuka padhal make bubble wrap retak","Negatif"
"tekstur cair wangi ngga efektivitas isinya gambar","Negatif"
"maskara kering isinya","Negatif"
"extra gift kayak gambar","Positif"
"cocok kulit kering","Tral"
"cocok kulit","Tral"
"beliin mamihh semoga cocok","Tral"
"tips pengguna pakingnya rapih tumpah","Negatif"
"pecah lebur bedaknya ngga tertolong packing jelek kayak angga niat jujur ajah bagus bagus jelek jelek","Negatif"
"produknya diterima lalai divideo unbox paket kualitas pensil bagus","Positif"
"tumben banget kali bagus packing plus coklat lumer bentuk beraturan bbrp kali beli kali kecewa semoga next","Negatif"
"pengiriman batalkan","Tral"
"pensil alisnya diputer masukin dorong","Tral"
"amor berubah warna bbrp oles warna sesuai botol warna peach gitu bagus bibir menitan warna berubah pink pink banget warna pink jelek beda ekspektasi beda warna beli amor ngarep gloss warna peach kecewa pink","Negatif"
"barang sesuai denga pesanan","Positif"
"thank much powder foundationnya aman sesuai pesanan","Negatif"
"bagus modelnya kawatnya kuat","Tral"
"scan minyak telon ukuran","Positif"
"epire pantesan enak","Negatif"
"ordernya translucent natural cuman baca penilaian customer salah dikirim shadenya diajukan pengembalian ribet butuh prosesnya dicek dikirim customernya","Positif"
"produk packagenya bagus bikin bibir kering","Positif"
"aroma liptint unik longlasting paket dikemas menarik sayang biyas powdernya ngga disertai puff","Positif"
"pecah kabeh","Positif"
"tekstur bagus meresap performa nyoba semoga cocok","Positif"
"bener kecewa maybelline official pdhl nanya makesure smudge proof hasil smudge parah mata item bikin malu jalan temen","Negatif"
"ukurannya remaja kayanya","Negatif"
"liat flash sale harga udah baca deskripsinya kirain gede taunya","Negatif"
"sedahsyat efeknya cepet mateng jerawatnya jerawatnya kempesnya barengan skincare bingu","Negatif"
"baguss respon pengiriman cepat packaging aman","Positif"
"bonus hijab","Positif"
"barang dipesan beres penjual","Positif"
"samponya bocor kembalikan","Negatif"
"nyoba semoga cocok","Tral"
"kecewa barang sampe patah gimana pake coba","Negatif"
"wangi enak wanginy unisex packaging doff sistem bukanya puter tutupnya ribet secure semoga cocok semoga kualitas produk","Negatif"
"sorry kasie bintang pengalaman bagus kemasan formula hasil muka lgsg bright bersih kalo kemasan","Negatif"
"kali pesen coklat nyampenya lumer nyampai cairan","Negatif"
"baguss suka lipstiknya","Positif"
"tipis potongan rapi kasar dibandingkan pengiriman cepat","Positif"
"nggak kepala botolnya rusak packingnya isinya tumpah meluber unboxing","Negatif"
"nyoba semoga cocok","Negatif"
"teksturnya encer beli bocor tinggal tutupnya rapat","Negatif"
"suka clay bener bener cocok rambut tebal jatuh rambut rambut berat clump together susa","Negatif"
"alhamdulillah paket maaf telat kasih ulasannya produk original official langsung packing bagus dibawa","Positif"
"pengirimannya sampe minggu","Negatif"
"best brand love","Negatif"
"puas","Positif"
"keceparan pengiriman expired dates","Negatif"
"tekstur seger wanginya enak performa minggu cocok kulit kombinasi aman kali kasih bintang gift sesuai deskripsi checkout pilihan sesuai deskripsi gambar","Negatif"
"cocok eyeshadow performa dontknow tekstur gatau","Positif"
"alamat ditulis sesuai diisi apps kasian kurirnya ngomel konsumen hehe","Negatif"
"beli mending unboxing video pump susah seret pencet cuman cipratan minyak mending langsung twitternya biar respon giliran udah dikirim dear dipake service kali rugi rugi uang rugi produk dipencet dikeluarin timnya","Positif"
"bahannya tipis","Positif"
"barang deskripsi pengiriman cepat respon cepat","Positif"
"tekstur performa cocok udah beli kalinya","Positif"
"produk original makaci","Positif"
"sesuai harga smpai stglg order bayar","Negatif"
"kemasan rapi wangi produk bagus emang bagus produk garnier pengiriman pick lamaa","Negatif"
"pengirimannya cepet aplikasi sebelah","Negatif"
"infonya expiry produk produk dikirim expiry","Positif"
"kacamata keren berasa kegedean sisi kanan kiri","Negatif"
"frame bagus ukuran bedar longgar bukaan kiri kanan simetris","Negatif"
"wangi berbau efektivitas perubahan tekstur cream scrab murah toko sebelah","Negatif"
"aplikator bagus clump produk bagus tahan warnanya cantik","Positif"
"langsung garansi","Negatif"
"baguss banget","Positif"
"odol kemasan kemasan sobekâ","Positif"
"deskripsi tagnya running jacket pantesan tipis lapis doang kecewa jaket kaya gini doang kemahalan ribuan suka kualita","Negatif"
"udah expired","Negatif"
"packaging aman pengiriman pulau jawa produk bedaknya pecah honest review peace","Positif"
"sampe cepet","Positif"
"seller proses barang produk bagus","Positif"
"cocok kulit cerah gampang dipakai mudah kehapus","Positif"
"pengalaman penggunaan lumayan maksimal tips pengguna dikocok dituangkan kapas kemasan bagus hapus makeup bedak lipstick shadow liner menghapus maskara maksimal cuci muka facial foam timbul sisa sisa maskara mata area mata hitam ukuran penutup tutupnya airnya takut tumpah","Negatif"
"dicoba bbrp kali hasilnya nampak","Positif"
"ampuh dicoba pengiriman cepat","Negatif"
"rapi","Positif"
"diperhatikan pengiriman barang pesan senin september dikirim sabtu september","Negatif"
"barang harga pengiriman lambat","Positif"
"kaya foto warnanya kaya makan gorengan","Positif"
"anget panas muter video adem ayem alhamdulillah dapet beli","Negatif"
"kali coba merk make over mudah cocok bedaknya tahan cuaca panas terik indonesia","Negatif"
"produk sesuai deskripsi produk respon penjual standar pengiriman standar","Positif"
"sesuai klaim produknya tahan cepat luntur","Negatif"
"dikirim barang berfungsi penggantian barang sulit diganti pengembalian uang langsung diterima proses","Negatif"
"belanja diatas gifh nggak skli pdhl belanja","Positif"
"nyoba pake semogaa cocok","Positif"
"cocok jenis kulit tekstur kental performa pake soluble collagen nggaena licin banget banget bangett mandi kaya gabisa bersih kulitnya sabunin pake sowerpuff digosok ilang residu lotionnya dhimethicone kayanya","Positif"
"ancur pdahal bagus resiko beli online gini","Negatif"
"warnanya cantik intens dibanding formula transferproof matte bikin bibir kering dicoba blush freebie","Positif"
"efektivitas semoga berhasil tekstur coba daya serap coba coba semoga berhasil berhasil bintang","Negatif"
"normal bagus semoga awet","Positif"
"performa menimbulkan jerawat tekstur kental cocok cocok dikulit kali mencoba pemakaian minggu menimbulkan jerawat diwajah","Positif"
"kecewa pelayanan berkali kali terkait ukuran sepatu beli ukuran tabel","Negatif"
"lengkap","Positif"
"udah pembelian kalinya kali kecewa kualitas produknya beli ksih gift kali deskr","Positif"
"awet seharian","Positif"
"bahannya bagus","Positif"
"review product sound quality standard harga shape sopan flat cuman","Positif"
"fragrance","Tral"
"terimakasih seller memuaskan pelayanan pengiriman mantap banget next order","Negatif"
"barang sampe selamat pake emina cocok","Positif"
"green layer take after","Negatif"
"pigmented tahan","Positif"
"topp","Tral"
"barang cepat packingan aman","Positif"
"barang unboxing dicoba ngebor batrei penuh diadaptor nyala hijau retak dikit kopernya awet fungsi normal","Negatif"
"barang dateng langsung cobain sebelah kanan mati percaya nama lenovo","Negatif"
"kemasan wangi enak profil kecantikan cowo produk original","Positif"
"warnanya tipis warnanya buildable teksturnya powdery shimmer bonus cologne","Positif"
"bahannya enak","Positif"
"barang aman kardus terbuka sampe rumah tertahan kurir terlambat estimasi","Positif"
"packingnya bublewarp tebal barangnya burikk kotorr barang gimana","Positif"
"bagus banget dibersihkan susah","Positif"
"ngaruh udah semprot","Positif"
"warnanya super nude kemasan mewah brand lokal international","Negatif"
"barang kirim","Positif"
"displayport tercantum judul produk mohon edit judul produk menimbulkan kebingungan calon pembeli overall barangnya bagus","Negatif"
"rontok parah","Negatif"
"aplikator mudah dipakai gampang dibawa bawa coverage high awet seharian cocok bibir gelap","Positif"
"udah bermingguâ pake efektif jerawat","Positif"
"lumayan tqpi kinclong debu nempel","Positif"
"barang bagus pelayanan pesen pagi paket same dikirim besok same aktifin mending","Positif"
"mohon kasih bintang kwalitas barang respon penjual bagus sayang kurir mengantar barangnya lambat order","Positif"
"nyoba semoga cocok","Tral"
"pake alhamdulillah enak ringan dimuka sukaa semoga cocok hilang permasalahan jerawatkuu","Positif"
"susah lentik","Positif"
"barang layak kirim kirim barang bekas pakai mengecewakan","Negatif"
"material ketat susah pasangnya","Positif"
"kecewa banget brand sekelas purbasari","Negatif"
"packing bener niat wraping pake plastik","Negatif"
"pengiriman lamaa banget beli ditempat pengiriman kacau","Negatif"
"pake berkali gigi karatan warnanya berubah sesuai iklannya","Positif"
"kalo kasih bintang kalinya beli toko official store kecewa tertarik beli bundle karna free quickmelt","Negatif"
"coverage merata hasilnya matte desainnya mewah desainnya lucu","Positif"
"hahahaha promo diskon dibatalkan bikin emosii","Positif"
"aroma suka nyengat","Positif"
"baguss semoga cocok bibir thankyou masker","Positif"
"dicoba bnyk konsumen suka cocok cocok maklum usia kepala smkn intens perawatan kulit wajah smkn cepat","Negatif"
"beneran","Positif"
"performa hadeh cocok gatau pelayanan shopee slow respon ghosting","Negatif"
"dicoba warna suka sayang matte","Negatif"
"suka banget kalinya beli celana","Positif"
"barang original pengiriman","Positif"
"alhamdulillah pakat mendarat selamat kerusakan paket mantap desainya keren sesuai selera","Positif"
"bintang nyesel beli liat review netflix disney plus langganan kalo pakai","Negatif"
"bagus cocok bikin perih mata","Positif"
"apes pembelian kali kali beli udah ngeri tutup botolnya dilakban pengemasannya parah kali kebagian apesnya tumpah kacau hati kalo beli orang males mikir dilakban botolnya botolnya sealnya minimal tutup botol dilakbanin berharap botolnya dibungkus bubble wrap males kecewa pdhl toko penjual trusted","Negatif"
"tekstur padat performa cocok bibir","Negatif"
"pengiriman cepat barang kirim pesan","Positif"
"pengemasan","Positif"
"full mantap","Positif"
"kemudahan penggunaan dipegang hangat daya listrik rendah fitur doang isinya udahh batasi penipu","Positif"
"hair color tempel rusak penutup lakbanya pengiriman super lamban kecewa banget","Negatif"
"tekstur cramy cocok base performa bagus suka cocok omre campur warna merah","Positif"
"mimin paham produk pengiriman kisaran seminggu dikirim penjual dichat responsif terkesan","Negatif"
"barang abis kebuka gatau pakingannya aman","Negatif"
"kemasan bagus semoga cocok","Positif"
"gabisa dipake paket hancur gini","Negatif"
"sekelas shopeemall packing asalan cairan tumpah kemana kali packing rapi","Negatif"
"segel pantesan diskonnya gede","Negatif"
"pesanan sesuai permintaan dikirim terima kasih bonus cesar tender lamb","Positif"
"catridge detect diprinter ntah barang asli palsu tinggal buang","Negatif"
"wajah tersenyum hati","Positif"
"pengiriman lamaa bangeet sampe lupa kalo beli barang ekpyd deket banget beli harga diskon","Negatif"
"salah eyeshadow paletnya pecah diajukan komplain solusinya pengiriman barang diganti ditanggung biaya pengirimannya","Positif"
"profil kecantikan sesuai ketentuan manfaat mencerahkan wajah tips pengguna sesuai ketentuan bagus","Positif"
"hancurr produknya bedaknya keliatan kaya rusak dlaemnya ancur banget","Negatif"
"kemasan bagus tebel efek dicoba muka bagus banget ditangan","Positif"
"pilih coralcoral warnanya dipake tebel merah suka wanginya enak kaya permen manisnya abis apply","Negatif"
"tekstur creami performa bagus cocok coba gold mngkin beli dstu ketranganny kadaluarsany simpan slma biasany beli safii kedepan kedepan kecewa","Negatif"
"makenya susah wkwk lumayan bersihin gigi sikat nyelip","Positif"
"ngerti ditipu iklan kmrn beli sunscreen free gift doang free gift mending beli official store nipu iklan doang","Negatif"
"terima pesanan coba pakai hasilnya tombol numpad berfungsi chat toped alhasil claim grns rugi ongkir","Negatif"
"kulitku cocok sebulan pake bikin timbul jerawat","Negatif"
"aplikator mudah dipakai coverage high gampang dibawa bawa awet seharian proses pesanan cepat packaging aman packaging rapi respon penjualnya","Positif"
"warnanya cakepp banget","Positif"
"beli lovely panda year lovely panda year","Tral"
"saran kali packaging aman tumpah rumah udah full beli micellar water diselotip tutupnya pengiriman","Positif"
"produk aman packingnya safety kualitasnya belom karna coba pake bikin kesel beli official store packingnya luamaa sampe tertawa terbahak bahak kalo gitu mending beli toko yakan cepet","Negatif"
"really prettyy well gloss gives heavy sticky feeling eventhough that also tried wearing mask while wearing","Tral"
"tekstur cair performa cocok membersihkan make kualitas produk pengiriman cepat","Positif"
"packingan mantull pesan biji maksihh","Tral"
"nyoba semoga cocok","Tral"
"suka sekalii","Positif"
"kecewa berharap dikirim kemasan sesuai foto kemasan habis ditulis note tersedia kemasan fotonya ganti","Negatif"
"barang diterima bagus packingnya thanks","Positif"
"bulu halusnya rontok","Negatif"
"kualitas produk sayang kirim ketinggalan barang nunggu minggu","Negatif"
"baunya wangi gampang meresap pemakaian keliatan kulit cerah kalo pake minggu full rutin perbedaan","Positif"
"dibuka kardusnya bedak tumpah terbuka","Positif"
"masker udah kendala jasa kirim anter payah banget estimasi samperin ekspedisi","Negatif"
"expired date tinggal","Negatif"
"minyak bocor niat dijual bgini refund jwban drpda nngu rela rela pakai","Negatif"
"nempel banget warnanya sampe hilang hahaha stamp sampe sampe disangka sariawan bibir berdarah gara tint","Negatif"
"alhamdulillah bagus semoga awet","Positif"
"beli paketan mascara lash paradise kirain murah dikasih mascara expired sebulan kemasan rambut dikasih","Positif"
"suka banget banget banget travel friendly tinggal selipin pouch ukurannya coba coba sblm beli full size","Negatif"
"waterproof diiklankan gara keringetan beleber sampe mata kayak mata panda ampun beli","Positif"
"sampe sabunnya tutup beleber tutup pecah trnyt pinggirannya isinya pdhl pake bubble ckck utgnya isiny","Negatif"
"kualitas packaging penampilannya bagus bangat warna soft bagus dicoba","Positif"
"barang gimana biar netflix hotstar bantu","Positif"
"warna bagus kenyamanan aplikator bagus ketahanan bagus bagus sayang diskon beli february september","Negatif"
"aman melimpah terbukti ampuh packaging rapi bahan organik","Negatif"
"kering jelek banget","Negatif"
"cocok kulit oily kering sampe kelupas efek ketariknya dipake wangi enak","Positif"
"lembab ringan warna tahan","Positif"
"kandungan madunya dikit mending beli madu beneran","Positif"
"belanja kotak asli nggak kasih masker dikirim berantakan kotak nggak kasih kotak","Negatif"
"cocok free kardus dteng bedak doank free brush plsu bnget","Positif"
"wangi khas viva","Positif"
"semoga cocok asiku berlimpah memenuhi kebutuhan anakku aamiin","Positif"
"mantep semoga awet","Positif"
"rugii ongkir pengiriman sameday order jumat selasa order proses tunggu sampe sabtu mengecewakan","Positif"
"terima kasihh barangnya packaging aman","Positif"
"barang bagus bgtt kurir pengiriman banget order cepat diproses seller","Tral"
"warna sesuai foto produk nyaman bibir","Positif"
"good seller fast respond recommended seller produk pemakaian minggu coba kali cairan pemakaian bikin becek rambut botol","Positif"
"mohon pengecekan ulang pengiriman kebocoran","Negatif"
"brng pakingny krng bgus slhn trmks resell","Positif"
"nyoba semoga cocok","Tral"
"produknya bagus pelayanannya parah tolong infoin kurir bilangnya beli tmpt bantuinnya buktinya males","Negatif"
"kapas kapasnya huhu kecewa bangett","Negatif"
"barangnya expired","Negatif"
"light banget gampang diratakan cocok daily","Positif"
"cabut ikutin ajarin bersih smua cabut","Tral"
"overall bagus cuman dipakai rada longgar","Negatif"
"worth greasy","Positif"
"kecewa karna tumpah habis tinggal","Negatif"
"performa kecewa seller iklannya barang pakai hasilnya bagus","Positif"
"free chat","Tral"
"bagus kering berharap baguss","Negatif"
"pdhl check","Tral"
"kode expired hapus gnti date","Positif"
"barang bagus pengiriman cepat expnya thank youu","Positif"
"manfaat semoga cocok","Tral"
"belanja toko kecewa harga kirim parahh kecewa pengiriman lelet lelet","Negatif"
"gampang ilang yaudah tint disupport","Negatif"
"produk dikirim usang segel terbuka kecewa official mending beli toko fisik toko official","Negatif"
"repurchase berkali kali produknya beda panas muka","Negatif"
"olahraga menit baca buku lembar upgrade skill orang ampuh bikin habit awet jangka coba pake fleksibel","Negatif"
"monmaap menurutku pribadi jaraknya sempit bulmat susah masuk ngelipet lipet gitu huhu expect will good product","Positif"
"warnanya bagus cerah glossy cuman sayang cepat banget ilangnya apalg slesai","Positif"
"kering tintanya kayak brgnya huhu","Negatif"
"promo kulkas skincare","Negatif"
"nyoba semoga cocok","Tral"
"produk sesuai sempet ketar ketir barangnya diproses buyer pergi untungnya udah sampe","Negatif"
"barangnya solid build material bagus menyerap efektif menurunkan humidity ukuran kamar meter","Positif"
"wajah tersenyum lebar bermata hati","Positif"
"pesen kirim sampe","Negatif"
"barang cepat coba semoga cocok","Positif"
"packaging mantap beli item pengiriman cepat","Positif"
"cocok kulit berminyak tekstur bgus","Positif"
"pengirimannya","Tral"
"terllu bagus","Tral"
"kokoh lumayan sesuai harga kali","Positif"
"paket dikirimkan salah kalinya paket","Positif"
"tekstur padat hancur warna ketebalan gatau sekelas shopeemall segini official amanah ngirim barang hancur bener bener kecewa kali beli barang dishopee mengecewakan gunanya kalo barang dikirim udah hancur mending gausah pake","Negatif"
"shopee mall terburuk beli barang retur tanggal kejelasan barang dipesan ngomong dikirim resi","Negatif"
"admin nyebelinn kagak nyambungg judes","Positif"
"pengiriman bertanggung lancang bukain paket customer sopan apapun isinya buka buka segel tertera","Negatif"
"beli karna piece sebenernya heheheheh","Negatif"
"bahannya ringan warna dikulit","Positif"
"pesen nomor dikirim nomor haadeehh","Negatif"
"support turbo charge","Negatif"
"tonernya kadaluarsa","Tral"
"tekstur cair daya serap cepat efektivitas produk aroma aplukasiin wajah kayak getah pepaya gitu kalo aplikasiin wajah berjerawat meradang gitu duuh perih banget","Negatif"
"tekstur pensil cocok eyeliner performa","Tral"
"sampe kondisi trimakasih packing bersegel nyoba semoga cocok terimakasih","Positif"
"nyoba semoga cocok","Tral"
"tekstur kering mengental sedikiit banget ditarik seujung kuas kecewa siih","Tral"
"bandananya beda jelek bahannya","Negatif"
"curang tulisan beli hemat pencet","Negatif"
"gigi putih sehat senyum irit","Positif"
"warna nude hottie bibirku nude","Positif"
"bottle","Tral"
"beli isinya","Negatif"
"nerima barangnya menilai","Positif"
"worst official store pelayanan jelek sekelas official store pengiriman barang kurir toko pikir","Negatif"
"gisellaa tokonya amanah dikirim produk kadaluarsa dipake kulit muka mbaa order april barangsya","Negatif"
"produknya udah kadaluarsa sekelas shopee mall pelayanannya gini barang udah kadaluarsa dikirim gimana","Negatif"
"tonernya bermasalah serumnya salah alamat beli tokopedia bebas ongkir ekspedisi diubah berujung salah alamat gajadi","Negatif"
"pengemasan sangatt lamaa","Negatif"
"beli natural dikirim translucent pengiriman","Positif"
"love applicator consistency","Tral"
"power sikatnya kyknya bener sikat manual bersih","Tral"
"performa cocok orang tekstur ambune raenak blass cocok anak muda","Positif"
"kurir sellernya ngaconya dipesen dimasukin kurir estimasi sampe maksima sampe untung alamat","Negatif"
"barangnya bagus banget build qualitnya packaging kyak barang mahal cuman enak dipakai tergantung silent cepat habis baterai ngecasn","Negatif"
"cantik packagingnyaa","Tral"
"melembabkan wajah suka biar link bedaknya serumnya","Positif"
"lumayan harga flash sale pengemasannya parah dikirim plastik nutupin pdhal official spesifik pengemasannya","Negatif"
"hasilnya tahan","Positif"
"dimensi","Tral"
"celana ditulis pakai tangan celana ulang biar celana ankle sirwal toko sekelas official kaya gini","Negatif"
"jada pengirimannya lamaa","Tral"
"dusnya penyok terbuka stock sisa langganan beli kali barang dikirim mengecewakan","Positif"
"respon cepat penjual produk sesuai deskripsi produk packing rapi pengiriman cepat terima kasih","Positif"
"performa buruk tekstur padat free nipu","Negatif"
"beli dikirim","Positif"
"produk original udah pake emang gaakan ganti produk","Positif"
"coba apply kering lemâ kelupasin","Positif"
"warnanya cantik bibir pink keunguan tergantung warna bibir teksturnya ringan dipake smoga tahan","Positif"
"corong gampang patah getas beli aman pembelian patah tutup bingung dipakainya","Negatif"
"barang original sesuai deskripsi pengiriman super cepat mantabhh trims seller","Positif"
"kuteknya cepet nglupas kering dibawa aktifitas kena benda langsung nglupas mandi sinarnya udah ilang","Positif"
"barang bungkusnya penyok untung pecah","Positif"
"black black black warna","Negatif"
"barang pengiriman cepat kemasan bagus barangbbelum dicona semoga cocok bagus","Positif"
"barang dateng emang soale stok punyaku udahh langganan beli stok habis bukak kemasan seru","Positif"
"kecewa pengemasannya","Negatif"
"untung beli gatau bikin foundation hidung misah gitu kena rambut little sticky kaya pake hairspray price poin","Positif"
"packingnya paket dibuka liptinya bocor kali beli barang kecewa gini huhuhu","Negatif"
"menerima barang salah sayangnya seller bersedia membantu kurir","Positif"
"sesuai pesanan seller thanks","Positif"
"produknya pelayanannya salah masukin alamat kirim sumatra alamat jakarta langsung chat admin bayar","Negatif"
"keren bubble wrapnya friendly mineral botanica","Positif"
"great product beli paketku sempet ketuker paketnya orang kerdus tujuannya dalemnya picklistnya orang sempet keci","Negatif"
"pengiriman cepat aluminium foil segel krim bocor segaris gitu kali crosscheck","Negatif"
"cocok kulit berminyak berjerawat harga murah","Positif"
"packing bagus","Positif"
"pesanan prosesnya adminny lelet","Positif"
"sesuai pesan","Positif"
"produk sebenernya bintang seller tanyain beli beli bingung tolong reply chat bintang ubah maaf terpaks","Negatif"
"cakep woyy","Positif"
"beli dikirim ngak sesuai pesan","Positif"
"sesuai deskripsi hadiah remover makeup bohong","Positif"
"official store pelayanan buruk pesan barang kirim chat ngomongnya diproses mulu kacau jualan gitu pelayanannya bikin orang kecewa keburu pakai","Negatif"
"pesen biru hijau dikirim biru sedih","Positif"
"kali kecewa banget shopeexpress paket nerima ditulisnya terima kalo udah kali kejadian terima akunya kerja packingan buruk hancur lebur produk kecewa banget shopee tolong giniâ bikin customer kecewa kali kalo orang keep paketnya bikin orang kecewa","Negatif"
"pesen avocado dateng sesuai","Negatif"
"pengiriman cepat paket aman","Positif"
"gift blush","Tral"
"pembelian bagus packingannya aman pembelian skrng kecewa karna buka udah acakan","Positif"
"alergi produk","Positif"
"ngaruh dipakai sesuai anjuran kali","Positif"
"tertarik beli bonus serum white radiant pengen cobain pengen beralih produk kehabisan tergantung stok saran","Negatif"
"pengiriman cepat admin fast respon trus bonus","Positif"
"cepat meresap moga bgus kulit masi kasi bintang smua produk","Negatif"
"recoment toko barang kirim kurir expedisi pengirman super duper seller konsisten payah toko","Negatif"
"barang sesuai deskripsi recommended sellers berfungsi","Positif"
"lumayan halus kalo warna kulit gelap salah beli warna","Positif"
"pallate rusak","Positif"
"delivery sameday berasa reguler","Positif"
"hilang paket jebol","Negatif"
"edit ulasan pemakaian seminggu udah rusak beli udah beda tipe tertawa terbahak bahak rusak mingguan","Negatif"
"aroma lipstik enak","Positif"
"paketnya kemarin sengaja review dipakai harga paket hemat cuci muka murah sayang kulit nggak cocok pakai face wash pakai udah stop kulit panas muncul bruntusan dipipi dahi jerawat jenis kulit normal","Negatif"
"fast respon barangnya original","Positif"
"belinya diskon dateng penyok boxnya penyok","Negatif"
"pouch gambarnya ngelupas gitu krena bonus","Positif"
"pwol nyampenya overload kali","Negatif"
"beli lipmatte liptint dikirim lipmatte udah ngajuin pengembalian dana dibalikin sayang sekelas dear beauty teliti emang harga uang segitu berharga makasi","Negatif"
"sesuai pesanan","Positif"
"hasil test akurat","Negatif"
"expectation wkwkw","Tral"
"barang sesuai pesanan sedih cocok kulitku kering bikin bruntusan huhu","Negatif"
"pengiriman trouble","Tral"
"tekstur jelek performa ganyatu bbirm kering ksel buang duit doang kering gmpang ilng","Negatif"
"skrg kering banget","Tral"
"suka wanginyaa sayang banget semprotannya macet gitu pakai","Negatif"
"warna sesuai","Positif"
"bagus bngt pengiriman lumayan cepat mkasih selleer","Positif"
"produk tersegel produk bocor ngerugiin pembeli","Negatif"
"eyeshadow bbrp hancur","Positif"
"infonya barang kirim tanggal desember kabar berita pesan bundling eybrow eyeliner stamp eyebrow","Negatif"
"dikirimin taun produk krim siang","Negatif"
"bagus coverage consistency light honey toast terang warnanya salah warna pake dikit biar","Negatif"
"udah ngajuin pembatalan krna ganti produk tetep dikirim","Negatif"
"kemasan aman packaging aman barang pecah","Positif"
"belanja dsini langganan kali paket sesuai pesan","Positif"
"liat iklannya berisik pompa airnya coba tetep berisik tertawa terbahak bahak","Negatif"
"tekstur","Tral"
"cocok pinggiran mata tekstur cari performa cepet kering kuasnya beneran waterproof bingung marah seneng","Positif"
"sulit daki dioleskan digosok batu kali efektif menghilangkan daki","Negatif"
"texturenya menggumpal dipakai","Positif"
"hasil print kurg","Negatif"
"jujur krimnyaa harii","Tral"
"dateng tutup rapat tumpah","Negatif"
"jujur pigmented banget rada susah karna suka blebeerr","Positif"
"bahan sesuai harga","Negatif"
"produk dikirim sesuai pesanan pengiriman lumayan cepat pengemasan bagus pokoknya","Positif"
"pengalaman penggunaan pengemasan eyeshadownya hancur","Positif"
"cepet meresap semoga cocok","Positif"
"bagus harga menurutku reasonable","Positif"
"sound earphone enak banget earphone nyaman telinga water resist takutnya sensitif banget wanti wanti","Positif"
"kwalitas kaca bagus blur ngaca","Negatif"
"tekstur performa krek oles pecah gamulus cocok ajaa warna kutek shade nudes lihat foto warna ungu gelap banget","Positif"
"respon","Tral"
"bagus kadang suara kresek kresek jarak earphone meter","Tral"
"cerah kasih fotonya","Positif"
"order dikasih voucher expired gimana pake vouchernya","Negatif"
"nyoba semoga cocok","Tral"
"harga seratus ribuan mahal stick ukuran produk sanitizer","Negatif"
"berfungsi semestinya","Positif"
"cocok engganya pakai pake kulit gatal","Positif"
"merk masker favorit aman virus poluai nyaman dipakai harganya terjangkau kemarin bonus susu","Positif"
"pesannya yuzu cucumber isinya berserakan packingnya sembarangan udah chat admin nggk respon","Negatif"
"nyoba semoga cocok","Tral"
"dikirimin botolnya pecah","Negatif"
"cocok bagus warna sayang pecah tekstur eyeshadow bagus pecah performa pecah eyeshadow pecah kecewa banget proteksi kerusakan eyeshadow pecah","Positif"
"cocok pengiriman lamaa barang packing cakep aman","Positif"
"manfaat sunscreen kemasan wangi tidaka produknya dikemas bocor bubble wrap","Negatif"
"respon cepet packing mantab busa dkirim pketan pigmen black pdahal order tmbahan","Negatif"
"sesuai deskripsi produk tujuan aman pengemasan dibubble wrap tebal tutupnya diisolasi kencang seller responsif free ongkir","Positif"
"nyoba semoga cocok","Tral"
"coklatnya patah disimpan dipinggir coklat mencair","Positif"
"pengiriman sampah","Tral"
"kemasan barunya worth mending mudah tumpah","Negatif"
"model sich kualitas harga sesuai","Negatif"
"mohon dicek pengiriman penonton kecewa","Negatif"
"tutupnya nyangkut brushnya copot cepet patah pensilnya","Positif"
"coba semoga lengket","Negatif"
"kasih bintang produknya pengirimannya pengirimannya butuh alamat pesan barang kargo","Positif"
"pecah pengemasan parahh","Positif"
"free gift make remover boong free gift","Negatif"
"maskara favorit repeat order pengiriman cepat packaging aman","Positif"
"baguss","Positif"
"remover layout gambar contoh","Negatif"
"printer berjalan normal aplikasi online cuman program fpos milik blok hitam hasil printnya","Negatif"
"langganan belanja","Positif"
"pengalaman penggunaan nyaman dipake efek bagus tips pengguna senyamannya nyaman cantik","Positif"
"packing aman rapi","Positif"
"wangi banget kudu pokonya","Positif"
"celananya trus pake sapa","Negatif"
"beli bbrp kali sabun berihram umrah haji wangi mengotori lingkungan","Positif"
"barang original bonus bantal guling kasur piknik mantapp","Positif"
"wangi bagus","Positif"
"ceritanya menarik","Positif"
"dpet free mask","Tral"
"semoga sesuai claim cocok warnanya kulitku","Negatif"
"tekstur sesuai performa gampang lepas sesuai step","Positif"
"enak ekspedisinya anteraja kyknya hapus ekspedisi tokped jlnâ barang banyuasin bolak status dibawa kurir","Negatif"
"berasa banget jahenya keras","Positif"
"hati hati tumpah mubazir","Negatif"
"scam beli concealing datengnya lipbalm","Negatif"
"susah diblend","Positif"
"respon pengiriman cepet banget packing ntah botol patah leher botolnya untung packingnya bocor kemanaâ","Negatif"
"produk sangatâ recomended tipe kulit kering pemakaian produk kulit terhidrasi","Positif"
"berkali kali beli sepatu puma official store puas produk pelayanannya terima kasih puma","Negatif"
"packagingnya","Positif"
"pengiriman cepat tinta dicoba","Tral"
"warna cantik tekstur cair ketahanan tahan beli promo harga syang pakai slama saran harganya murah minimal jual pling","Positif"
"beli dikirim","Positif"
"bulky ukuran produknya sikat mascaranya sulit gampang meleber semoga diperbaiki depannya kualitas warna","Negatif"
"kaku sarung tangannya","Tral"
"respon respon pengiriman jadwal molor","Tral"
"lupa video unboxing pesan barang diterima salah customer lupa videoin","Negatif"
"pakai langsung habis","Negatif"
"desc dikirim selisih taunan bener salah desc produk dikirim","Negatif"
"paket isinya tinggal separuh bocor rembes udah packing kerdus bubble bocor kurir bagus menawarkan return tolak","Negatif"
"proses seller dikirim batas pengiriman barang dikirim packing seadanya tolong serius mengelola toko online","Negatif"
"beli extream extream beli kali teruji pakai drone extream stiker","Negatif"
"warna dikirim sesuai","Positif"
"beli cleansing foam greentea gaada dikasih bonus black ampoule","Positif"
"bedaknya blend kulit","Positif"
"kecewa pesan dikirim beda ukuran","Negatif"
"baunya powder room enak hibiscus lipstik bagus","Negatif"
"pengiriman aman nyampe udah kebuka","Negatif"
"bubble wrap lapis nyampe bedak pecah hancur","Negatif"
"varian lemon bikin kulit keliatan cerah pakai mask sheet holika varian lemon berpaling","Positif"
"kondisi barang warnanya bagus thanks","Positif"
"pump kepanjangan ditutup packing rapih penutup botol terpisah","Negatif"
"suara bagus","Tral"
"barangnya bagus","Positif"
"kecewa pelayanan tertarik beli gambar keterangan bayar lihat review kecewa","Negatif"
"packaging aman sound aman dateng mulus cuman adminnya slowresp","Positif"
"semoga cocok kali coba exfo","Positif"
"berguna memasang berambut gondrong melonggarkan karetnya","Tral"
"packing rapi aman barang diterima sesuai keterangan seller responsif","Positif"
"pengiriman lumayan cepat live sale expired lumayan wangi","Positif"
"langganan","Positif"
"tahan tintnya","Negatif"
"barang diterima terima kasih bonusnya","Negatif"
"udah konfirmasi ketersediaan stock dibilang ready dicek barang habis diganti stock pengiriman","Positif"
"produk pribadi produk melembapkan menyehatkan bibir wanginya wangi nyaman diaplikasikan warnanya","Positif"
"paket mendarat aman emang cocok pake","Positif"
"barang sesuai pesanan kurirnya kirim barang","Negatif"
"lumayan harga murah berkat flash sale terima kasih cetaphil indonesia produk cocok banget kulit","Positif"
"nempel digelas minum kirain","Tral"
"barang diterim dicoba pemakaian wajah dapet bonus sponseâ terima kasih","Positif"
"tekstur padat performa cocok ombre lipstik dipakai patan","Negatif"
"cute packaging nyaa luvv dehh","Positif"
"pengalaman penggunaan kemasan bagus penyok untungnya manfaat membersihkan komedo","Positif"
"berat badan cenderung timbangan","Positif"
"pelayanan bagus tapii opsi kurir tersedia cuman gitu proses pengirimannya lumayan tolong diperbanyak opsi kurirnya","Negatif"
"kecewa banget packingnya bubble wrapnya kardusnya penyok trus buka tutup krimnya rapat terbuka sayang upload video krimnya rusak jujur kecewa official storenya beli resellernya packingny aman rapi","Negatif"
"semoga berkhasiat melawan jerawat","Tral"
"kecewa produknya terima kasih seller","Positif"
"udah langganan udah habis bbrp botol komedo terangkat","Positif"
"produknya gausah diragukan pengirimannya","Positif"
"aplikator mudah dipakai nggak menggumpal","Positif"
"tekstur cair performa bagus cocok traveling parfum trus beli coba beli suka produk revlon thanks seller shopee","Positif"
"mantul diproses puas","Positif"
"pengiriman banget sampe bocor","Negatif"
"seminggu karna penjual reschedule jadwal pick","Positif"
"ringan texturnya kulit kusem skin tone kalo kulit kuning langsat pucat","Negatif"
"belinya rupiah packingnya niat banget makasih inezz","Negatif"
"suka banget kemasannya kokoh cantik simple spacey enak dibawa serumnya cair bening berbau kali dipake kaya panas","Positif"
"mantap sesuai pesanan bagus sekalii cocok diwajah","Negatif"
"proses cepat pengiriman","Positif"
"sempit susah dimasukan pake akal pasangnya","Positif"
"sunguh menyecewakan murah rugi diongkir","Positif"
"pelayanan toko kurir pengiriman fast delivery respons good luck","Positif"
"wangi pakai smoga cocok rambut rontok","Positif"
"penjual menghargai konsumen nilai barang murah pengemasan kaleng pengiriman terbilang cepat sukses","Positif"
"barang aroma bahan plastik semiga awet","Positif"
"mantap logitech mengecewakan","Negatif"
"udah coba baguss enak bibir kering mint dingin","Positif"
"tips pengguna oles hasilnya pengalaman penggunaan ringan dibibir profil kecantikan lipstik murce kualitas bagus terimakasih respon pengiriman cepat","Positif"
"pengalaman penggunaan kali make semoga cocokk wangi jujur wanginya hidung kaya obat muka baguss manfaat mengontrol minyak berlebih beli murah banget wwkwkwk dapet voucher gede semoga cocok nerima paketnya kardusnya kebuka tapii amann tenangg cuman kebuka dikit segel facial wash nyaa","Negatif"
"kualitas vokal bagus banget pasa monitoring voice berkarakter banget cocok banget content creator butuh budget maling recommended bang","Positif"
"barangnya sempet ekspedisi ngga tumben banget komplen lacak kalo diem sampe skrg kyknya sampe","Negatif"
"pakai sebulan rusak","Negatif"
"cocok banget pake sunscreen tekature ringan lembut kulit wajah","Positif"
"mantapmantap","Tral"
"terlambat parah mestinya sameday days","Negatif"
"mantapp banget packingannya banget recommend pokoknya","Negatif"
"kalo produk nacific kecewa tolong pengirimannya order tanggal keterangan estimasi barang anta","Negatif"
"nyoba semoga cocok","Tral"
"dipakai lengket cepat meresap mudah","Negatif"
"nggak sesuai chart nggak tukar ukuran","Negatif"
"emang maskernya wangi banget asli palsu pake kemuka panas cekit cekit gatel telinga knpaâ pokokn","Negatif"
"barang sesuai gambar pesanan packing stiker fragile produknya inovasi kotak shadownya berantakan sepe","Positif"
"nyerap muka","Positif"
"wajib beli busui","Tral"
"pesan kirim kurir","Positif"
"ukuran tube aneh kyak udah kepake wangi rose lumayan kuat cuman knpa clekit","Negatif"
"salicylic acid jaya jaya jaya","Tral"
"proses cepat coba night cream pake cream cocok wajahku","Negatif"
"lupa kali beli love","Negatif"
"smua green tree","Positif"
"warna kuteknya bagus pecah botolnya karna kasi buble kardus kali beli revlon official","Negatif"
"deskripsi produk sesuai freenya sdgkan deskripsi tertulis komplain lihat respon penjual alasan","Negatif"
"model bagus tombol keras pake micro type trima call suara keras notifikasi pencet tombol pdhl voleme","Negatif"
"barang sedih dilempar kurir menyebabkan botol pecah isinya habis","Positif"
"pesanan menunggu","Positif"
"krng cocok muka muncul jrawat","Positif"
"isinya tumpah","Negatif"
"seller amanah produk dikirimkan sesuai respon kalo complain doang ikhlas semoga allah balasan","Negatif"
"makasih sesuai pesanan","Positif"
"bahanya ringan adem","Negatif"
"bagus cuman rada kesel sameday dichat berubah sameday nyampenya","Negatif"
"packing ngga bangett untung pecah semoga cocok","Positif"
"pengemasan kirim rapih pake kardus bubble wrap sekelas safi kemasan satuannya sprti semoga isinya cocok karna coba","Negatif"
"pengalaman penggunaan transferproof stain profil kecantikan jenis warna kulit efek glossy cream poster tertulis warna nude peach warm undertone campuran warna mauve swatch oleskan bibir warna berubah fuschia cool undertone wkwkwk gonjreng donk stainnya warna merah keunguan gitu cakep hemat ombre pengalaman pake menit transferproof transferproof tunggu menit pakai makan berminyak transferproof meninggalkan stain besok pagi","Positif"
"trima blon coba","Positif"
"pemb kulit terlindungi bikin kulit alergi mencerahkan kulit","Positif"
"talinya putus mulu ntah pake kualitas berkurang sblm","Negatif"
"cocok bagus performa mantap","Positif"
"barang bagus mengecewakan recommended pelayanan buruk parah berhari biarkan kaga kirim pelayanan mengecewakan","Negatif"
"kemasan bagus aman good sesuai manfaat banget tips pengguna tratur","Positif"
"menerima produk komunikasi kurir produk","Positif"
"sabun baunya kaya minyak kayu putih samar gitu penggunaan tetes bersihin muka bersihin rambut cuman rambutnya kaya","Negatif"
"kualitas bagus kualitas jelek","Negatif"
"barang cepat baca deskripsi lihat tinggal","Negatif"
"bulu mataku pendek ngefek siih","Negatif"
"sesuai pesanan kali kecewa ulang sblum mengirim terima kasih","Negatif"
"tekstur bagus daya serap bagus efektivitas bagus produknya bagus sellernya bagus","Negatif"
"diterima kondisi varian salmon rice kandungan salmonnya ukuran anabul lumayan suka diskonnya","Positif"
"produk bagus repeat order pengiriman cepat sedihnya delay pengiriman order kali semoga kedepannya delay","Positif"
"warnanya bagus","Positif"
"suka teksturnya cepet ilang","Positif"
"nyoba semoga cocok","Tral"
"kemasannya bagus kualitas produknya bagus sampe stripnya habis bulu betis keangkat bagus sabar nunngu hehee","Negatif"
"pengiriman seller","Tral"
"tidk bungkusnya rumah sobek","Positif"
"lipstik hilang dibibir kecewa sesuai expektasi warnax cantik sihdesainnya mewah","Negatif"
"paket bahan kenyaman model jahitan pengiriman doang telat penjual responsif bagus","Negatif"
"semoga cocok pake kmren emina kuning","Positif"
"barangnya hancur","Negatif"
"bbrp kali beli kesini packing aman dusnya buble wrap gini kemasan penyok sobek diperhatikan menurun kualitas","Negatif"
"responnya luamaa bingitss trus kirim salah","Negatif"
"cocok kulit sawo matangku diombre","Negatif"
"pengiriman lambat kualitas","Positif"
"tumpah stgh tutup longgar","Negatif"
"produk sesuai ekspektasi kado ultah","Negatif"
"pink banget bedaknya warna asli produk beda katalog gambar shadenya kuning sedih cocok skin tone gabisa dipake","Negatif"
"packaging bagus produk bagus","Positif"
"dipake layar udah mati ganti unit gabisa karna ketentuan return udah dapet barang defect karna","Positif"
"barang harga pengiriman lelet respon penjual banget maaf jujur dosa","Negatif"
"enakeun dibawa kemana makan dempul banget kalo kulit kering setting spray glowing coba mantul","Positif"
"pengirimannya produknya sesuai ekspektasi","Negatif"
"diterima thxx","Tral"
"seller responsif bonus sesuai","Positif"
"barang jelek","Negatif"
"pengiriman cepat aman aoma jeruk kayumanis warm scent fresh scent","Positif"
"baca vacum mobil alhasil beli adaptornya","Negatif"
"efektivitas daya serap kenyamanan komedonya","Negatif"
"salah shade keset kena oksidasi packingnya safety pake kardus gede isinya micellar water mantep","Negatif"
"yaallah semoga penjualnya dikasi rezeki kalo niat jualan gamungkin dikasihnya bagus kalo kaya gini kecewa banget","Negatif"
"sampe tube udah rada peyot karna segelnya kali nyobain","Positif"
"tinted serumnya enak bangeett nyaman bibir ngelembapin brasa semriwing mint pigmented suka suka suka beli shade","Positif"
"produk pengirimannya penjual status barang pergerakan pembeli disuruh kurir pelayanan officia","Negatif"
"baguss bgtt","Positif"
"barang dibilang diterima bermasalah kurir virtual message tokopedia menyediakan komunikasi arah penjual pembeli","Positif"
"membersikan lensa bersih baunya tajam menganggu","Tral"
"mantap","Positif"
"date sesuai deskripsi biskuit enak packing aman","Positif"
"seller ramah packing aman barang sesuai deskripsi update reviewnya pasang lensa plus terimakasih","Positif"
"packing aman remuk beli bundle","Positif"
"tekstur cair cocok wajah performa tauu nyoba murahh","Positif"
"tekstur warna sesuai ketebalan check produk tetiba produk dikirim medan like what cancel produk harga produk dikirim medan ongkirnya confirmation seller doesnt help anything please watch kalo pesen pdhl mall","Negatif"
"botolnya mungil travelling enak gampang bawanya cobain semoga cocok sesuai claim bagus thanks seller","Negatif"
"dikasih cashback kirim produknya cacat tulisan gambar ilang ditempeli stiker lakban trus ditarik","Negatif"
"pesanan sesuai dikirim bngt bintang kali","Positif"
"penjual quick responâ barang bagus banget","Tral"
"coba","Positif"
"minggu","Negatif"
"paket kualitas ringan mudah meresap sesuai deskripsi thank seller","Positif"
"pengiriman melebihi estimasi seller respon chat","Positif"
"kurirnya sopan banget paketnya dilempar buang karung didepan rumah emang pikir rumah pembuangan sampah","Positif"
"barang bagus pengiriman bener sory bintang","Negatif"
"bagus kulit kering cepet meresap","Positif"
"pengiriman produk original","Positif"
"kemasan bagus pengalaman penggunaan nyoba moga ccok","Positif"
"udah nyobain versi mini cocok nais","Positif"
"packing aman warna bagus cocok kukit sawo matang pucat pengirimannya","Negatif"
"lembab cepat meresap merawat kulit sensitif alhamdulillah tahunan pemakaian cocok","Positif"
"barang sesuai pesanan","Positif"
"pengalaman penggunaan ringan pengaplikasikan wajah tips pengguna produk sesuai kulit muka efek natural pengiriman cepat produk aman next time semoga makasi seller","Positif"
"fragile packaging that makes product damaged","Positif"
"packing bagus dgunakan","Positif"
"bagus bedak taburnya bikin glowing nempel bikin crack nyatu wajah pake primer genks makasi seller","Positif"
"tekstur meresap wangi enak wanginya soft dipake kayak tembok","Positif"
"mntepp","Tral"
"berlangganan kali proses packing langsung diterima","Negatif"
"order kardus penyok kali packing sebagus sblmnya beli bbrp kali official store penjual order","Positif"
"performa dicoba cocok kulit tekstur dicoba pembelian semoga cocok pengiriman pengemasan","Positif"
"harum busa","Positif"
"sesuai hrga promo barang aman mksh kurirr","Positif"
"efektif","Positif"
"beli promo free cleanser beli paket terpisah engga promo engga stock","Positif"
"anjing husky suka produk suka luarnya habis dimakan","Negatif"
"tumbler sesuai iklan","Negatif"
"luntur","Tral"
"bagus cuman kayanya diperhatiin ngga rapih","Negatif"
"ngga diterima produknya buka kardus seller investigasi kurir ngga unboxing gimana unboxing ngga buka","Negatif"
"kapok kapok","Negatif"
"warnanya bagus moist banget","Positif"
"hasilnya tahan aplikator mudah dipakai cocok kulit gelap desainnya mewah hasilnya glossy desainnya lucu hasilnya matte","Positif"
"cocok wajah performa tekstur cair bagus","Positif"
"maaf kasi bintang produknya dikirim","Negatif"
"bocor video unboxing durasi diupload semoga pakingnya bener rapih","Negatif"
"lembut small pegangannya enak cpcok buatku","Positif"
"pengalaman penggunaan kali pake pake series acne cocok","Positif"
"joss","Tral"
"pesan sblm pilih sameday butuh cepat barang diterima penjelasan mengecewakan lacak pengiriman","Negatif"
"kirain formula dateng formula","Positif"
"barang baterainya habis penuh barang menyala berkedip berkali hati proses qcnya","Positif"
"cocok sawo matang fiendly performa tekstur creamy padat cenderung kering creamy padat cenderung kering ndak teksturnya produk cacat easy blend butuh effort banget itupun pakai spons blender dibasahi produk suka keangkat ditap cenderung patchy pdhl pakai moisturizer cushion","Tral"
"resapan rembes","Tral"
"kasih bintang dikirimin kualitasnya","Positif"
"plastik kemasan tipis","Positif"
"cocok","Tral"
"beralih variant biru pakai perfect purifying semoga bagus cocok ngilangin bekas jerawat mantap banget pengirimannya","Positif"
"terima kasih barang diterima sukses lapak jualannya","Positif"
"ukuran beda foto foto","Tral"
"garnier packaging tumpah minim bubble warp packaging aneh dichat bales ujung disuruh refund barang butuh barang smpe butuh pelayanan","Negatif"
"alhamdulillah nunggu barang banget beli","Positif"
"barang sesuai pesanan barang cepat tujuan rekomendasi seller","Positif"
"coverage medium wanginya","Positif"
"packaging aman packaging rapi dicoba","Positif"
"overall material desain tasnya bagus cuman kalo zippernya diganti bagus susah kalah kokoh kualitasnya baha","Negatif"
"performa bagus cocok tekstur lembut pengemasan estimasi shopee express hemat kategori cepat next kalo dikemas klik dikemas barang dibutuhin","Negatif"
"harga sebagus","Positif"
"penyok","Negatif"
"berfungsi","Positif"
"kecele isinya pantes hrgnya didisc","Negatif"
"respon proses lumayan produk kredibilitasnya","Positif"
"pengemasan bangeett sebelaahh barangnya sukanya dibagian pengemasan doang lamaa","Negatif"
"bahannya halus ngepas tutup jdinya awkward wktu dibuka tutup ketarik posisi ketutup sempurna","Negatif"
"pesan item item bedak kurg teliti konfirmasi barang lgsg tekan selesai","Negatif"
"mudah cocok tipe kulitku sensitif","Positif"
"pengalaman penggunaan beli toko kosmetik bgus bget beli tergoda diskon masker beda beli toko tekstur beda warna charcoal kemasan kemasan bagus barang mengecewakan kayak palsu gitu bikin trauma beli skincare online","Negatif"
"harganya murah pembelian sandalnya tipis ngga sebagus","Positif"
"packing rapih niat buka paket kepotong barangnya saran pengemasannya buntel doang","Negatif"
"sesuai pesan","Positif"
"free kacamata dpet","Tral"
"cocok sunscreen enak dipakai muka kombinasi","Negatif"
"formulanya ringan coveragenya bagus kulit kering","Positif"
"efek","Positif"
"sempet komplain krna pengiriman dibatalin paket sore magrib sampe overall bagus barangnya mksh bintang","Negatif"
"performa bagus rusak tekstur creami cocok bibir","Positif"
"bahan alami bahan pengawet nggak memicu alergi nggak lengket proses pesanan cepat","Negatif"
"netes tetep kecium aromanya","Negatif"
"date","Positif"
"order mohon review sistem ekspedisinya","Negatif"
"suka banget formula warnanya makasih revlon giftnya","Positif"
"dicoba kucing bintang semoga produk masuk royalcanin biar dianternya cepet","Positif"
"bagus","Tral"
"bismillah semoga cocok","Positif"
"suka banget produknya mantapp","Positif"
"desainnya lucu cocok kulit cerah","Positif"
"kali coba varian mengandung semoga cocok pesanannya sampe cacat packaging proses pengiriman estimasi","Positif"
"puas pengirimannya cepet senin mesen sampe bedaknya overall bagus bagusnya bener shade nyatu banget dikulit","Negatif"
"paketnya nyampe pengirimannya","Positif"
"packingannya ramah lingkungan pake bublewrap overall barang bagus dibatre kapasitasnya","Negatif"
"udah order kemasannya serumnya rusak kecewa maaf nggk kefoto pengembalian produknya males ngurusinnya","Negatif"
"ringan dipakai bahan menyerap keringat","Negatif"
"loose powder bagus warnanya kuning banget udah milih shade light beige memuaskan dapet free mukenah","Positif"
"produk salah perhitungan kaleng ukuran","Positif"
"pengiriman lambat bangett","Positif"
"beli tipe dikirim tipe konfirmasi","Negatif"
"beli mulu tiktok shade nomor bibir gelap kulit sawo matang cocok warnanya kaya ungu gelap gitu","Positif"
"barang","Tral"
"cepet kering bikin muka ketarik bersih kalo dibilas gacocok muka kering","Negatif"
"jujur kecewa expirednya oktober kualitas packaging bagus","Negatif"
"selamat thank","Positif"
"claimnya sensitivite skin pake perih mencoba pemakaian tetep perih banget konsul stop pemakaian huff kesel wasted","Positif"
"blom dicoba semoga cocok dikasi tester buanyak donkk makasihh seller semoga sukses","Negatif"
"tekstur pikir warna beda samaâ gelap gambar soaln beda warna kaya rumah kecewa kali order kecewa melipat tangan warna kulit cerah","Negatif"
"proses pengiriman cepat packingan rapi aman kualitas suara lumayan bagus bass mantap baterai lumayan awet case charging","Positif"
"packing aman kardusnya tipis","Positif"
"barang diterima terima kasih","Positif"
"coba mungil semoga cocok karna kali pakai trueve","Positif"
"aubree andalann skincare lokal berkualitas","Negatif"
"bagus pengiriman cepet","Positif"
"kualitas efektivitas kenyamanan pesan tanggal juli dikirimnya tanggal juli banget kerjanya orang kali tingkatkan pelayanannya kepuasan pembeli menunggu","Positif"
"banget","Tral"
"sengaja review pakai rambutku super kering cocok rambut kramas kering kasar udah paka","Positif"
"pengiriman tegal jakarta nyampek banget","Positif"
"pengiriman cepat barang aman packagingpun rapih","Positif"
"dibuka jahitan brudul okelah terimakasih","Negatif"
"barang pengiriman","Tral"
"kualitas barang pelayanan mantap harganya mantap","Positif"
"sicepat berau lambat barangnya diumpan lambat","Positif"
"ngak banget kaya review youtuber","Positif"
"profil kecantikan sawo matang pengalaman penggunaan bagus tahan tips pengguna wajah pake bedak juara tahan coverage rekomen pokoknya","Positif"
"kemasan terima kardus buka barang segel plastik sblm nilai chat admin bbrapa kali live bales","Negatif"
"produknya puas standar royal canin pelayanannya buruk","Negatif"
"pesan kirim","Positif"
"size","Positif"
"quality","Positif"
"respon cepat udah diaplikasikan pemakaian kaca mobil anti","Negatif"
"maskernya perubahan","Negatif"
"barangnya lengkap sesuai deskripsi dipakainya lancar lancar sayang baterainya cepat habis mengisi mobil","Negatif"
"hilangkan tinta pulpen samar samar","Tral"
"benang tipis enak butuh tenaga memegangnya afar meleset tangan ujung tangan terbesot luka berdarah","Positif"
"facial wash bocor","Negatif"
"profil kecantikan rambut rontok wangi harum segar pengalaman penggunaan beli produk shampoo viva herbacare cocok rambut","Negatif"
"terima kasih seller barang tujuan aman warna gray kulit terpenting sisir alis lembut kasar bikin rontok alis","Positif"
"produk bagus cuman kardusnya bolong bawahnya","Negatif"
"versi sctup skrg suka produk","Positif"
"shadenya paas banget kulit sawo matang","Positif"
"kemasan rapi","Positif"
"pesan twin pack botol penyelesaian sampe kecewa","Positif"
"sponge dapur kotor banget terima kasih","Negatif"
"coba berfungsi dipakai bersamaan fast charging berfungsi","Positif"
"mantap cepat paking bagus","Positif"
"mesen yaallah video unboxingnya pdahal dibutuhin hyperfinenya","Negatif"
"free niacinamide dikirimkan","Tral"
"alhamdulillah dapet bonus logam emasnya barakallah fiik dokter ertos","Positif"
"barang dateng habis","Positif"
"respon cepat packing rapi barang bagus cocok dikulit terima kasih wardah","Positif"
"kontak perasaan dibutuhkan kepuasan terbesar menciptakan ikatan langgeng","Tral"
"tekstur performa cocok serum favorit prngiriman payah pesen sampe","Negatif"
"kemasan luxurious feel isinya spatula sayang","Negatif"
"performa jelek cocok jelek tekstur rusak emng dikirim udah hancur komplen maaf maaf maaf untung pembeli emng kotak pakingnya rusak slaahin kurir kotak bagus benyek pelit smaa bublewrap padhal udah oficiall udah shopee mall pelayanan buruk total","Negatif"
"berhubung fair produknya bagus pengiriman customer relationnya bobrok kirim produk pecah sobek sayang kalo produk bagus manajemen konsumennya jelek","Negatif"
"meronaa","Tral"
"celananya menyerap keringat alhasil dipake melipat tangan warna kulit cerah","Negatif"
"produk cacat dijual menceng garis lurus diajukan pengembalian barang chat bilangnya disetujui pengembalian dana chat nyalahin milih pengembalian dana kecewa banget karna beli berharap garis lurus sesuai ditawarkan karna dibuka seserahan store official beli kali","Negatif"
"biscuit enak pengiriman","Positif"
"udah langganan kleveru hati makasih","Positif"
"pengiriman cepat packing aman coklatnya enak bonus botol shaker kualitas botolnya","Positif"
"pengiriman seller gercep produk kulit bercahaya mengecilkan poriâ membantu pdhl prosedur penggunaan sesuai","Positif"
"cocok tahan tekstur kental performa kurirnya ramah ganti kurir","Positif"
"nyoba semoga cocok","Tral"
"keren dicoba bikin ombre gitu hehehe daily look seger","Positif"
"barangnya bagus jujur kecewa banget beli unit dapet bilangnya bonus sesuai ketersediaan stok hehehe bahasa ngeles","Negatif"
"barang lipstain warna restock dund","Positif"
"kali belanja bublenya niat banget pasang alhasil bocor tumpeh isinya","Negatif"
"paket time aman sayang warna nide sesuai image tertera photo hasilnya nude pink nude mendekati brown","Positif"
"mantap servis toko barang mengecewakan harga segitu mutu lumayan bagus","Negatif"
"coba boosternya pumpingnya barang lengkap aman","Positif"
"order pore blur powder admin sembarang ngomong kirim kosong complain toped barang masala","Positif"
"nyaman bibir","Positif"
"jengkel keterangannya same tracking lempar tanggal masuk logistik ekspedisi wahana cawang tanggal masuk logistik wahana","Negatif"
"pembelian bayar kiriman mahal penjual respon acara gagal penjual follow kiriman","Positif"
"variasi ivory kali beli produk bedak azzura sedih banget dibuka kemasan bedak hancur kaya gini bedak tabur mohon tingkatkan pengemasan","Negatif"
"nyoba semoga cocok","Tral"
"jelek oksidasi parah dipakai muka gelap nyesel belinya","Negatif"
"dihitung kotak talinya","Tral"
"kendaraan kinclong mantap","Positif"
"udah langganan sabunnya cocok muka trimaksih tokonya pelanyanan bagus abang kurir trimaksih mngantar pket slmat smpai tujuan melipat tangan warna kulit gelap","Positif"
"jalan memuaskan sedih","Negatif"
"pake bentar menit putus talinya udah","Negatif"
"belom dicoba semoga cocok pengiriman cepat","Tral"
"trimakasih serum diterima aman proses cepat semoga jerawat berkurang serum bonus facial cleanser moisturizing manta","Positif"
"pengiriman expired date","Positif"
"pesanan","Positif"
"produknya bagus adminny gaje","Positif"
"warna sesuai","Positif"
"warnanya pekat aplikator mudah dipakai","Positif"
"make removernya","Positif"
"mantap bingits","Positif"
"kotor stok","Negatif"
"cocok claim gift dikirim","Positif"
"barang terimakasih","Positif"
"wangi menyengat suka moringa","Negatif"
"thank sasc tint legendarisnya formulanya tjiamik warnanya cakep stainnya long lasting banget plus dapet flbioderma jumbonya","Negatif"
"cepet nyampainya smoga cocok","Positif"
"performa buruk cocok tekstur hancur percaya sampe bikin video unboxing aman beli ancuurr hahaha sedih bangeett gatau pengirimannya barbar gimana sedih banget beli ecommerce sebelah aman kali ancur huhuhu sedih banget kayaknya first time ngasih bintang","Negatif"
"wanginya suka","Positif"
"produk berkualitas pengiriman cepat sayang bonus serumnya habis","Negatif"
"sorry bintang service seller responsif informatif potensi high traffic diinfokan pembeli","Positif"
"performa sesuai cocok cocok kulit tekstur padat busa sesuai gambar","Positif"
"bagus sayang kuasnya","Tral"
"puas lipstik kadaluarsa sich","Positif"
"tekstur performa bgus cocok bulu mata bgus","Negatif"
"barang sesuai pesanan pesan dikirim kraft cheddar serbaguna kualitas beda","Negatif"
"tekstur keras kandungan susu efektivitas pengemasan pembayaran dikirim huhu beli doang ditingkatkan pelayanan biar okee overall produknya sesuai","Negatif"
"pengiriman pengemasan cepat notes tulis warna blush pink peach dikirim peach kali teliti emang warna","Negatif"
"pengaplikasian mudah hasilnya","Tral"
"barangnya pengemasannya luamaa","Negatif"
"produk kirimkan","Positif"
"kali dapet kaya gini","Negatif"
"barang pengirimannya bamgeett","Tral"
"pakingx rapi","Positif"
"murahh makasihh","Tral"
"performa hancur","Negatif"
"prtama cobain wanginya mintâ dikit selebihnya apaâ ngrasa lengket suka maaf wanginya suka","Negatif"
"packaging aman rapi","Positif"
"barang diterima aman sayang spray rembes teliti","Positif"
"warna sesuai request dikirim transparansi kedepannya teliti","Positif"
"alhamdulillah udah nyampe lumayan bagus sesuai pesanan inshaallah semoga cocok bermanfaat","Negatif"
"bagus banget barangnya","Positif"
"wangi buka pengalaman penggunaan kemasan baij sesuai pesan pesannya beli gratis sesuai mahal dibanding beli marah kasih bintang tokonya amanah kecewa bonusnya brosur","Negatif"
"warna hitam kenyamanan aplikator nyaman ketahanan bagus pensil alis terrbagus nyaman banget dipakai warnanya hitam pekat banget kayak natural gituu pokoknyaa baguus banget","Positif"
"dateng order admin tanggung dikirim","Negatif"
"expired aman barang aman terima kasih","Negatif"
"makasih kali mineral botanica promo dikasih hadiahnya","Positif"
"pengiriman barang sesuai harganya murahh","Positif"
"stok lamaa beras sudh bubuk butek packing udah kusam pudar dijahit mogaâ apek layak konsumsi","Negatif"
"kemasan hancur pengalaman penggunaan kali produk dikirim hancur terimakasih","Negatif"
"cintaa suncreen azarin","Negatif"
"pengirimannya","Tral"
"warna beda pict","Negatif"
"cocok dicoba tekstur dicoba performa dicoba pengiriman","Tral"
"cocok kaca mata pelapis lensa berpelapis rusak lensanya barangnya bagus pengiriman fungsi pembersihnya","Negatif"
"kecewa karna beli niatnya emng promo kagak dapet live bilang dapet gift preet bohong bnget","Positif"
"paket diterima good","Positif"
"bedaknya dapet puff huhu cushion make over glow pake bedak cocok wajahku","Negatif"
"salah mengirim warna kirim foto produk salah kirim warna komplain persulit customer video kirimkan video hitungan detik video simulasi silahkan menilai kualitas video bersembunyi dibalik kesalahan customer bodoh model penjual dimintain pertanggung kelas penjual berlabel official","Negatif"
"mintanya original blackpepper dikasihnya original","Positif"
"deskripsi tertulis kursi kulit pakai warna sofa kuli belel harga produk mahal pakai","Negatif"
"lumayan wangi","Positif"
"pesen step dtemg step","Negatif"
"lengkap dapet strip spatula gaada","Tral"
"banget hehe","Negatif"
"product came time perfect condition give stars because quality gloss itself high expectations just standard","Positif"
"mantap","Positif"
"performa tekstur cocok muka barangnya bagus sesuai gambar pengiriman cepat reseller","Positif"
"performa tutupnya kotor cocok tekstur matte","Negatif"
"tekstur lembut cocok kulit kusam performa bagus","Positif"
"beli kulit kering cocok pakai krim dingin lengket kulit jerawatan salah paka","Negatif"
"pengiriman","Tral"
"overall baguuss tekstur warnanya cakep puoll wangi melonnya strong","Positif"
"wangi","Positif"
"wangi kaya parfum cowok coklat engga ciri khas body mist","Positif"
"senang belanja trima kasih bonusnya","Positif"
"jajan dibuka lengket gimana pisahkanâ dipotong pakai pisau hancurâ gimana makannya beli","Negatif"
"barang selamat dipake direview","Positif"
"luntur cuci wajah langsung luntur","Negatif"
"berasnya kurng bagus bnyak gabah","Negatif"
"dateng udah hancur","Negatif"
"dihalaman complain","Tral"
"barang sesuai cuman sayang pengiriman telat","Negatif"
"sesuai gambar puas pokoknya","Positif"
"cocok anak kulit kering","Negatif"
"lucu kemasan mini trmksh","Positif"
"tekstur cair performa kentop benyok kemasan cocok kulit","Positif"
"kualitas bagus barang gram dikasih berat mahal mahalin ongkir","Negatif"
"kemasan segel kemasan menerima rusak","Negatif"
"gampang putus dipakai pelan tetep putus","Negatif"
"repurchase produk aubree good semoga kali cocok pakai produk bakuchiolnya mumpung diskon lumayan banget teksturnya creamy","Positif"
"kgak waterprof","Tral"
"pecah botolnya isinya bocor kemasan diperhatikan packing","Negatif"
"pesan pemberitahuan keterlambatan chat penjual","Positif"
"tekstur lumayan performa cocok kulit berjerawat mengandung salicylic acid bagus berjerawat make ngilangin komede kayaknya ngaruh apaâ","Positif"
"bagus warnanya lucu kopi","Positif"
"bagus fast response good packaging trusted recommended seller","Positif"
"barang","Tral"
"bagus banget creamatte bikin kering bibir warnanya bagus pengiriman cepat suka banget","Positif"
"gampang banget serap ngedibel langsung pakai cushion auto cantik aman sengatan sinar matahari semoga terjaga kualitasnya","Positif"
"kecepatan pengiriman kondisi barang sesuai terima kasih seller","Tral"
"enak dipakai kulit muka model rool praktis apply muka cocok kulit anak mahasiswi berminyak","Positif"
"kulit cerah","Positif"
"cepat meresap kulit dingin suka bismillah cocok","Positif"
"asli heran banget dearmebeauty jualan pampers order lipstick dear winna dateng pampers woee abis pikir siih parah","Negatif"
"produk nggak banget ekspedisinya anteraja lamaa nyasar","Negatif"
"bahannya tipis ngga rekomen bawa laptop thanks torch","Positif"
"beli navy nomor dikirim nomor okelah kasih ulasan bagus jujur produk bagus produk salahnya kasih orang pesa","Positif"
"bahannya enak ringan cepat meresap kulit talc","Positif"
"sejujurnya banner memiliki instruksi alasan claim efektif efisien tipe pembeli minim literasi full langsung dituliskan poster tolong diperbaiki sistemnya metode marketing terkesan menjebak memanfaatkan event harbolnas","Negatif"
"repurchase karna cocok warnanya enak dipake termurah makasih seller","Positif"
"hati beli seller amanah shopee mall udah cerita penilaian bintang","Negatif"
"baguuss banget","Tral"
"produk original brand olaif kualitas detergent aroma bunga busa packaging aman rapi pengiriman relatif cepat","Positif"
"produk memuaskan mengecewakan diaplikasikan bibir","Negatif"
"keputihan apapun shade","Positif"
"namanya sblm membeli chatt dijwb penjual chatt","Tral"
"wanginya enak seger","Positif"
"performa coverage banget kulit tekstur lembut halus cocok mata bagus banget suka pake shadow pink flash hati hati guys smpe jatuh aduhh langsung bubuk","Positif"
"ampuh flek hitam kerut halus kerasa panas awalny spot bjerawat udah aman packing rapi aman","Negatif"
"dapet gratisannya baca review trnyata senasib ditambah shampoonya tumpah bubble wrap","Negatif"
"pengiriman cepat semoga cocok","Tral"
"psnan smpi kmrin bsknya lngsng smpi responnya ramah free meteran kbtln kdng prlu hehehe pkkny","Positif"
"suka banget pakai kulit oilyku cuaca panas bikin gerah hasil matte","Negatif"
"bintang produk bermasalah diganti prosesnya dluar tokped","Negatif"
"adminnya ramah fast respon pengiriman cepat cashback produk","Positif"
"kakk udah gini","Negatif"
"tips pengguna untyk wajah manfaat melembabkan wangi terimakasih maaf penilaian barang bagus sesuai pengiriman standar paking rapih babble wrap tebal barang aman tujuan","Positif"
"alhamdulillah cocokk moist bgtt paginya cerah","Positif"
"kualitas produk berubah dibanding warna skrg muda","Positif"
"tahan touch pelengkap dikirim pelengkapnya","Positif"
"recomended next time pembelian pengiriman respond penjual text book membantu solved issue","Positif"
"thank free soap","Positif"
"tekstur cair daya serap cepat menyerap kulit dicoba iritasi semoga cocok","Positif"
"realpict hasil print mantap","Positif"
"dapet free niacinamide","Tral"
"diciba mudah cocok","Tral"
"keterengan kirim amanah tokonya","Negatif"
"sesuai pesanan kurirnya ramah","Positif"
"enak patut dcoba","Positif"
"ancur sihh","Negatif"
"barang bagus packing bagus expired pelayanan penjual abang kurir main lempar pensil alis sempet jatuh dibagian suka patah sayang","Negatif"
"pengiriman bagus penyok framenya barang cacat produksi kirim","Negatif"
"proses pengiriman cepat berfungsi","Positif"
"mantaplpll","Tral"
"pengemasan buruk pengalaman kali barang pecah","Negatif"
"seller gercep produk","Positif"
"kurir sicepat nganter paket dilempar ngelewatin pagar untung pecah isinya aman penyok","Negatif"
"akibat dibuble penyok heran packing beda beli beli penyok","Negatif"
"sukaa bonusnya sukses safi","Positif"
"packing aman mendarat selamat trimksh bonus","Positif"
"lapisan pantylinernya gampang copot","Positif"
"aplikator","Positif"
"pengiriman cepat packing","Positif"
"prosesnya barang","Tral"
"nggak dikirim gift","Negatif"
"serumnya sunscreennya kemana","Positif"
"pesen natural beige dikirimnya soft beige kali pesen sampe salah kirim gini","Negatif"
"pengiriman selebihnya moisturizer good","Positif"
"bagus kartu garansinya","Tral"
"barang sesuai diskripsi order produk kotak packing produk peny","Positif"
"digambar tertulis beli gratis ukuran diberitahu kalo free kalo stok tersedia botolnya bagus isinya retur kasi nilai jelek niat perubahan botolnya semoga niat memperbaiki kualitas botol pengemasanya penilaian berharap perubahan kedepannya","Negatif"
"barang seller","Tral"
"bagus beli ktny original tipis","Positif"
"kurinya chat plaet paket hilang","Negatif"
"barang aman semoga cocok terima kasih","Positif"
"nyampe barangnya kendala toko udah lupa belanjaan hikss","Negatif"
"cepat banget responnya cepat good luck","Positif"
"desainnya elegan aplikator mudah dipakai proses pesanan cepat penjualnya ramah banget packaging aman packaging rapi suka aubree selai","Positif"
"good product good seller","Positif"
"seller gercep produk bagus cocok dikulitku udah pakai produk kemasan packing rapi aman harga terjangkau ekspedisi super cepat gratis ongkir toped suks","Negatif"
"terimakasih giftnya","Positif"
"barang pengiriman mengecewakan estimasi mgunakan instant delivery order barang","Positif"
"barang sesuai pesanan berfungsi thanks","Positif"
"nyoba semoga cocok","Tral"
"dikirim kardus kali dikirim bubble foam kemasan penyok sungguh mengecewakan","Negatif"
"baut cocok pakai bracket mubazir terpakai","Negatif"
"coba barang aman packing double pakai rawan pecah","Positif"
"ngruh","Tral"
"keterangan dapet free lipstick mauve dapet haha stock abis dikonfirmasi","Negatif"
"berkurang kemerahan brutusan harga suka packaging mewah","Negatif"
"nail removernya ngga","Positif"
"warna gatahan baunya","Negatif"
"barang harga berbeda kali lipat mahal hati hati belanja penjual lepas tangan refund kelebihan","Positif"
"expect warnanya pink banget pink","Negatif"
"lipstik patah dibuka isinya bagus maaf pakai","Negatif"
"efek waterproof manfaat menambah volume bulu mata pengalaman penggunaan waterproof ralat penilaian krna dipakai waterproof toko beauty vlogger bohong pasang iklan pake keringetan ngaca mata hitam bekas mascara dipakai wudhu lgsg hitam melubwer hilanglah maskara bulu mataku sisa berbanding terbalik iklan sumpah pengen dipake sayang beli pengen dipake takut mata hitam nnti haduuh mubazir mending beli bner bagus wlopun pricey terbukti long lasting waterproof llin harga kualitas","Negatif"
"gambar gratisnya dateng","Positif"
"pesanan sesuai banget bikin kecewa","Negatif"
"sesuai pesanan semoga awet","Positif"
"produk diterima sesuai lengkap pake keluhan kulit textur produk nyaman kulit kuat mengganggu","Positif"
"paketnya dibungkus pakai beli pampers mamy poko dusnya","Positif"
"produk mini size sheet mask bundle satupun sesuai keterangan gambar","Positif"
"suka formulanya barunya wardah honey lipstick discontinued nangis help","Negatif"
"keren alhamdulillah murah","Positif"
"respon penjual cepat pengiriman cepat produk original real official store","Positif"
"kecewa barang dipesen lengkap toko official orang dikirimin barang lengkap didiemin sengaja biar dananya dibalikin","Negatif"
"kemasan gampang bocor","Negatif"
"sesuai gambar","Negatif"
"langsung dipasang semoga nyaman dipakai bkin mlorot makasih","Positif"
"terimakasih paketnya rapih dilapis pelindung produk bagus","Positif"
"pengemasan pengiriman barang","Positif"
"pelayanannya banget pesan april dikirim rumah kardusnya sobek pikir ilang isinya alhamdulillah aman mohon tingkatkan pelayanannya","Positif"
"barang sampe amburadul berantakan tutupny smpe lepas isiny tumpah","Negatif"
"pengirimannya lelet banget moisturaizer coba semoga cocok kulit","Positif"
"cocok kulit","Tral"
"dipasang copot","Tral"
"kemasan bubblewrap super tebel finally sampe first pakek produk somethinc semoga cocok repurchase harganya much semoga worth","Positif"
"teksturnya cair banget cepet nyerep melembabkan","Positif"
"masya allah puas banget pokoknya pengemasan pengiriman super cepat pesan malem libur besok sore bandung pengemasan produk super","Positif"
"barangnya gaada","Tral"
"cocok banget kulit kering enak lembab segar","Negatif"
"lecet dikit ngaruh","Negatif"
"pini penyok","Negatif"
"beli launching bela dapet photocard hrsny collab taulah bikin cust tertarik beli pake beli collab","Positif"
"barang bagus sayang penjual menghargai pembeli chat balas harga barang mahal penjual membalas chat","Negatif"
"pengiriman","Tral"
"mobil gasnya","Tral"
"segelnya udah kebuka ragu pake takut udah dalamnya","Negatif"
"bedak cocok bagun bedaknya putih aneh kayak salah pilih","Negatif"
"barang nyampe aman pengiriman","Positif"
"bleber beatiee","Tral"
"sukaa warna cantik banget","Positif"
"paket sesuai estimasi terima lasih seller","Positif"
"kering kuas","Tral"
"tekstur pecah performa bagus pecahh sedih","Negatif"
"barangnya type rawan penyok baret retak gitu packingnya extra cuman beli thankyouu semoga beneran bagus produknya","Positif"
"order produk sesuai aplikasi bonus mantab","Negatif"
"wajah ketarik make semoga cocok amin","Negatif"
"pelayanan pengiriman bagus kualitas barang terjamin","Positif"
"terima kasih seller terima kasih kulir brng sampe","Positif"
"isinya full wangi ketahanan","Positif"
"sempit kalo jenis gagang kacamata silicon barang","Negatif"
"gimmick gift kecewa","Tral"
"semoga cocok sprt concealernya suka terima kasih bonus pensil alisnya syang cklt","Positif"
"tekstur cair performa bagus cocok acne babel wrapnya tebel aman barang dalamnya buka serumnya udah kemanaâ mbasahin serumnya balikin tumpahnya video unboxingnya sengaja kehapus barang tetep terima kali tolong ngirimnya teliti","Negatif"
"belinya harga diskon bayarnyabharga full kembalikan barang terlanjur klik terima chat penjual shopee solusi kecewa harga lipat berharap karna shopee mall pelayanannya toko perorangan terbalik","Negatif"
"cocok remaja tekstur cair performa sesuai warna arah pink condong marah sesuai gambar bibir berbeda efek","Positif"
"puas pelayanan beli ditrm proses user segi produk prnh","Positif"
"harga masuk akal kemasan tipis hancur pecah berantakan manfaat refund diganti dikembalikan pecah pecah berantakan refund dikembalikan pecah pelayanan sangatt sangatt buruk","Positif"
"suaranya pecah","Positif"
"daya serap cepat tekstur serum efektivitas lumayan diaku komedeoan jerawatan muka berminyak menggunakannya minggu repurchase","Positif"
"produknya dicoba pesanan diprosesnya diproses","Tral"
"kemasan pesen pack dateng pack hdhh","Negatif"
"pigmented warnya bagus cuman dateng pecah","Positif"
"profil kecantikan cocok jenis warna kulit kemasan kemasannya rapih","Positif"
"ngangkat kotoran dimukasih claimnya angkat sunscreen pakai merk keangkat jdinya kulit jerawatan bersih","Positif"
"kirim green sesuai gambar","Positif"
"lembut wangi segar","Positif"
"terima kasih kirimannya dicoba lumayan bersih kuping kucingku","Positif"
"barang dikirim salah","Positif"
"admin koperatif beli chetapil official","Positif"
"pesan barang cuman","Negatif"
"pengiriman lumayan okay varian mambo warnanya coklat dicoba warnanya merah maroon gitu","Positif"
"ukuran celana nggak sesuai size ukuran","Negatif"
"sumpah ketemu masker sekering masker topeng basah doank brand erha barangnya separah","Negatif"
"done full bottle deliver only slight better result repurchase","Positif"
"barang bagus ponya ditulisin keterangan barang","Negatif"
"bagus banget bener ngangkat daki hati penggunaan wajah","Negatif"
"hasilnya coba semoga memperbanyak","Positif"
"pesanan sesuai pesan pump refill","Positif"
"hasil tahan warnanya","Negatif"
"pembelian bahagianyaa dikasih gratisan micro brow definer warna espresso juara warnanya garis langsung keliatan harga","Negatif"
"cocok sehari pake foundie udah bagus","Positif"
"pengiriman tutup eyeliner beli cepet meleber","Negatif"
"ukuran sesuai bagus banget cantik expired date kalo aktifkan kurir rekomendasi telat minimal sehari","Positif"
"pesen bright clear dateng mate fresh","Negatif"
"beli cacat","Tral"
"expired","Negatif"
"bohong free hadiahnya","Tral"
"tekstur performa cocok sebenernya membatalkan karna salah pilih shade respon","Negatif"
"tekstur daya serap efektivitas","Negatif"
"dibuka patah","Positif"
"pengiriman rest good","Positif"
"mantab beli lipstik bonus serum terima kasih","Positif"
"kali beli bahan cepet copot kali dibuka udah lepas bahannya ringkih kebanting","Positif"
"kali kecewa trhdap pengiriman minggu pengiriman jakarta lamaa lhoo smpe pling pengiriman tegal bawa jakarta dsini pikir masuk akal pengiriman disesuaikan lokasi maping","Negatif"
"cocok kulit menutup minyak noda wajah","Positif"
"warnanya sesuai gambar","Positif"
"pengemasan pengiriman gercep coba semoga cocok cocok bintangnya tambahin","Positif"
"diterima kondisi cacat komplain lupa pake video beuh","Tral"
"beli emng ngefek sihh ngebantu program diet emng barengin olahraga sihh biar cepet turunnya nyoba olahra","Positif"
